Company Name,Sector,Ticker,MarketCap
3M India Ltd.,SERVICES,3MINDIA,21028
ABB India Ltd.,INDUSTRIAL MANUFACTURING,ABB,500
ACC Ltd.,CEMENT & CEMENT PRODUCTS,ACC,24944
AIA Engineering Ltd.,INDUSTRIAL MANUFACTURING,AIAENG,15436
APL Apollo Tubes Ltd.,METALS,APLAPOLLO,4387
AU Small Finance Bank Ltd.,FINANCIAL SERVICES,AUBANK,17626
Aarti Industries Ltd.,CHEMICALS,AARTIIND,16151
Aavas Financiers Ltd.,FINANCIAL SERVICES,AAVAS,10209
Abbott India Ltd.,PHARMA,ABBOTINDIA,33577
Adani Gas Ltd.,OIL & GAS,ADANIGAS,18015
Adani Green Energy Ltd.,POWER,ADANIGREEN,55960
Adani Ports and Special Economic Zone Ltd.,SERVICES,ADANIPORTS,70471
Adani Power Ltd.,POWER,ADANIPOWER,13827
Adani Transmission Ltd.,POWER,ADANITRANS,29189
Aditya Birla Capital Ltd.,FINANCIAL SERVICES,ABCAPITAL,16294
Aditya Birla Fashion and Retail Ltd.,CONSUMER GOODS,ABFRL,9504
Advanced Enzyme Tech Ltd.,CONSUMER GOODS,ADVENZYMES,500
Aegis Logistics Ltd.,OIL & GAS,AEGISCHEM,5812
Affle (India) Ltd.,IT,AFFLE,3700
Ajanta Pharmaceuticals Ltd.,PHARMA,AJANTPHARM,500
Akzo Nobel India Ltd.,CONSUMER GOODS,AKZOINDIA,8199
Alembic Pharmaceuticals Ltd.,PHARMA,APLLTD,16975
Alkem Laboratories Ltd.,PHARMA,ALKEM,28098
Alkyl Amines Chemicals Ltd.,CHEMICALS,ALKYLAMINE,500
Allcargo Logistics Ltd.,SERVICES,ALLCARGO,2001
Amara Raja Batteries Ltd.,AUTOMOBILE,AMARAJABAT,11685
Amber Enterprises India Ltd.,CONSUMER GOODS,AMBER,4530
Ambuja Cements Ltd.,CEMENT & CEMENT PRODUCTS,AMBUJACEM,38462
Apollo Hospitals Enterprise Ltd.,HEALTHCARE SERVICES,APOLLOHOSP,18949
Apollo Tyres Ltd.,AUTOMOBILE,APOLLOTYRE,6338
Arvind Fashions Ltd.,CONSUMER GOODS,ARVINDFASN,1557
Asahi India Glass Ltd.,AUTOMOBILE,ASAHIINDIA,4263
Ashok Leyland Ltd.,AUTOMOBILE,ASHOKLEY,14413
Ashoka Buildcon Ltd.,CONSTRUCTION,ASHOKA,1762
Asian Paints Ltd.,CONSUMER GOODS,ASIANPAINT,161788
Aster DM Healthcare Ltd.,HEALTHCARE SERVICES,ASTERDM,6054
AstraZenca Pharma India Ltd.,PHARMA,ASTRAZEN,500
Astral Poly Technik Ltd.,INDUSTRIAL MANUFACTURING,ASTRAL,14768
Atul Ltd.,CHEMICALS,ATUL,13381
Aurobindo Pharma Ltd.,PHARMA,AUROPHARMA,45686
Avanti Feeds Ltd.,CONSUMER GOODS,AVANTIFEED,6776
Avenue Supermarts Ltd.,CONSUMER GOODS,DMART,148693
Axis Bank Ltd.,FINANCIAL SERVICES,AXISBANK,119527
BASF India Ltd.,CHEMICALS,BASF,5352
BEML Ltd.,INDUSTRIAL MANUFACTURING,BEML,2666
BSE Ltd.,FINANCIAL SERVICES,BSE,2132
Bajaj Auto Ltd.,AUTOMOBILE,BAJAJ-AUTO,83012
Bajaj Consumer Care Ltd.,CONSUMER GOODS,BAJAJCON,2162
Bajaj Electricals Ltd,CONSUMER GOODS,BAJAJELEC,500
Bajaj Finance Ltd.,FINANCIAL SERVICES,BAJFINANCE,178641
Bajaj Finserv Ltd.,FINANCIAL SERVICES,BAJAJFINSV,98622
Bajaj Holdings & Investment Ltd.,FINANCIAL SERVICES,BAJAJHLDNG,28789
Balkrishna Industries Ltd.,AUTOMOBILE,BALKRISIND,24701
Balmer Lawrie & Co. Ltd.,INDUSTRIAL MANUFACTURING,BALMLAWRIE,500
Balrampur Chini Mills Ltd.,CONSUMER GOODS,BALRAMCHIN,2892
Bandhan Bank Ltd.,FINANCIAL SERVICES,BANDHANBNK,55732
Bank of Baroda,FINANCIAL SERVICES,BANKBARODA,23773
Bank of India,FINANCIAL SERVICES,BANKINDIA,16352
Bank of Maharashtra.,FINANCIAL SERVICES,MAHABANK,500
Bata India Ltd.,CONSUMER GOODS,BATAINDIA,16481
Bayer Cropscience Ltd.,FERTILISERS & PESTICIDES,BAYERCROP,27811
Berger Paints India Ltd.,CONSUMER GOODS,BERGEPAINT,47905
Bharat Dynamics Ltd.,INDUSTRIAL MANUFACTURING,BDL,6120
Bharat Electronics Ltd.,INDUSTRIAL MANUFACTURING,BEL,21686
Bharat Forge Ltd.,INDUSTRIAL MANUFACTURING,BHARATFORG,15569
Bharat Heavy Electricals Ltd.,INDUSTRIAL MANUFACTURING,BHEL,12779
Bharat Petroleum Corporation Ltd.,OIL & GAS,BPCL,83213
Bharat Rasayan Ltd.,FERTILISERS & PESTICIDES,BHARATRAS,500
Bharti Airtel Ltd.,TELECOM,BHARTIARTL,304693
Bharti Infratel Ltd.,TELECOM,INFRATEL,41126
Biocon Ltd.,PHARMA,BIOCON,47028
Birla Corporation Ltd.,CEMENT & CEMENT PRODUCTS,BIRLACORPN,4623
Birlasoft Ltd.,IT,BSOFT,2513
Bliss GVS Pharma Ltd.,PHARMA,BLISSGVS,1014
Blue Dart Express Ltd.,SERVICES,BLUEDART,4774
Blue Star Ltd.,CONSUMER GOODS,BLUESTARCO,4817
Bombay Burmah Trading Corporation Ltd.,CONSUMER GOODS,BBTC,7190
Bombay Dyeing & Manufacturing Co. Ltd.,CONSTRUCTION,BOMDYEING,500
Bosch Ltd.,AUTOMOBILE,BOSCHLTD,35134
Brigade Enterprises Ltd.,CONSTRUCTION,BRIGADE,2688
Britannia Industries Ltd.,CONSUMER GOODS,BRITANNIA,85080
CARE Ratings Ltd.,FINANCIAL SERVICES,CARERATING,1214
CCL Products (I) Ltd.,CONSUMER GOODS,CCL,500
CESC Ltd.,POWER,CESC,8425
CRISIL Ltd.,FINANCIAL SERVICES,CRISIL,12195
CSB Bank Ltd.,FINANCIAL SERVICES,CSBBANK,500
Cadila Healthcare Ltd.,PHARMA,CADILAHC,37187
Can Fin Homes Ltd.,FINANCIAL SERVICES,CANFINHOME,4778
Canara Bank,FINANCIAL SERVICES,CANBK,15196
Caplin Point Laboratories Ltd.,PHARMA,CAPLIPOINT,2551
Capri Global Capital Ltd.,FINANCIAL SERVICES,CGCL,3073
Carborundum Universal Ltd.,INDUSTRIAL MANUFACTURING,CARBORUNIV,5174
Castrol India Ltd.,OIL & GAS,CASTROLIND,12250
Ceat Ltd.,AUTOMOBILE,CEATLTD,3713
Central Bank of India,FINANCIAL SERVICES,CENTRALBK,10163
Central Depository Services (India) Ltd.,FINANCIAL SERVICES,CDSL,2872
Century Plyboards (India) Ltd.,CONSUMER GOODS,CENTURYPLY,2647
Century Textile & Industries Ltd.,PAPER,CENTURYTEX,500
Cera Sanitaryware Ltd,CONSTRUCTION,CERA,500
Chambal Fertilizers & Chemicals Ltd.,FERTILISERS & PESTICIDES,CHAMBLFERT,500
Chennai Petroleum Corporation Ltd.,OIL & GAS,CHENNPETRO,1196
Cholamandalam Financial Holdings Ltd.,FINANCIAL SERVICES,CHOLAHLDNG,5680
Cholamandalam Investment and Finance Company Ltd.,FINANCIAL SERVICES,CHOLAFIN,500
Cipla Ltd.,PHARMA,CIPLA,52069
City Union Bank Ltd.,FINANCIAL SERVICES,CUB,9204
Coal India Ltd.,METALS,COALINDIA,82365
Cochin Shipyard Ltd.,INDUSTRIAL MANUFACTURING,COCHINSHIP,3976
Colgate Palmolive (India) Ltd.,CONSUMER GOODS,COLPAL,500
Container Corporation of India Ltd.,SERVICES,CONCOR,25724
Coromandel International Ltd.,FERTILISERS & PESTICIDES,COROMANDEL,22044
CreditAccess Grameen Ltd.,FINANCIAL SERVICES,CREDITACC,7614
Crompton Greaves Consumer Electricals Ltd.,CONSUMER GOODS,CROMPTON,15045
Cummins India Ltd.,INDUSTRIAL MANUFACTURING,CUMMINSIND,11020
Cyient Ltd.,IT,CYIENT,3015
D.B.Corp Ltd.,MEDIA & ENTERTAINMENT,DBCORP,500
DCB Bank Ltd.,FINANCIAL SERVICES,DCBBANK,2502
DCM Shriram Ltd.,CONSUMER GOODS,DCMSHRIRAM,4948
DLF Ltd.,CONSTRUCTION,DLF,37835
Dabur India Ltd.,CONSUMER GOODS,DABUR,82255
Dalmia Bharat Ltd.,CEMENT & CEMENT PRODUCTS,DALBHARAT,13609
Deepak Nitrite Ltd.,CHEMICALS,DEEPAKNTR,6573
Delta Corp Ltd.,SERVICES,DELTACORP,2443
Dhanuka Agritech Ltd.,FERTILISERS & PESTICIDES,DHANUKA,500
Dilip Buildcon Ltd.,CONSTRUCTION,DBL,3899
Dish TV India Ltd.,MEDIA & ENTERTAINMENT,DISHTV,1578
Dishman Carbogen Amcis Ltd.,PHARMA,DCAL,1977
Divi's Laboratories Ltd.,PHARMA,DIVISLAB,500
Dixon Technologies (India) Ltd.,CONSUMER GOODS,DIXON,6885
Dr. Lal Path Labs Ltd.,HEALTHCARE SERVICES,LALPATHLAB,500
Dr. Reddy's Laboratories Ltd.,PHARMA,DRREDDY,500
E.I.D. Parry (India) Ltd.,FERTILISERS & PESTICIDES,EIDPARRY,4708
EIH Ltd.,SERVICES,EIHOTEL,3761
ESAB India Ltd.,INDUSTRIAL MANUFACTURING,ESABINDIA,500
Edelweiss Financial Services Ltd.,FINANCIAL SERVICES,EDELWEISS,5661
Eicher Motors Ltd.,AUTOMOBILE,EICHERMOT,50108
Elgi Equipments Ltd.,INDUSTRIAL MANUFACTURING,ELGIEQUIP,2275
Emami Ltd.,CONSUMER GOODS,EMAMILTD,10211
Endurance Technologies Ltd.,AUTOMOBILE,ENDURANCE,12103
Engineers India Ltd.,CONSTRUCTION,ENGINERSIN,4739
Equitas Holdings Ltd.,FINANCIAL SERVICES,EQUITAS,1873
Eris Lifesciences Ltd.,PHARMA,ERIS,6086
Escorts Ltd.,AUTOMOBILE,ESCORTS,12763
Essel Propack Ltd.,INDUSTRIAL MANUFACTURING,ESSELPACK,5880
Exide Industries Ltd.,AUTOMOBILE,EXIDEIND,13009
FDC Ltd.,PHARMA,FDC,4608
Federal Bank Ltd.,FINANCIAL SERVICES,FEDERALBNK,500
Fine Organic Industries Ltd.,CHEMICALS,FINEORG,5715
Finolex Cables Ltd.,INDUSTRIAL MANUFACTURING,FINCABLES,4447
Finolex Industries Ltd.,INDUSTRIAL MANUFACTURING,FINPIPE,6174
Firstsource Solutions Ltd.,IT,FSL,2537
Fortis Healthcare Ltd.,HEALTHCARE SERVICES,FORTIS,9701
Future Consumer Ltd.,CONSUMER GOODS,FCONSUMER,2949
Future Retail Ltd.,CONSUMER GOODS,FRETAIL,7705
GAIL (India) Ltd.,OIL & GAS,GAIL,46657
GE Power India Ltd.,INDUSTRIAL MANUFACTURING,GEPIL,3099
GE T&D India Ltd.,INDUSTRIAL MANUFACTURING,GET&D,1970
GHCL Ltd.,CHEMICALS,GHCL,1343
GMM Pfaudler Ltd.,INDUSTRIAL MANUFACTURING,GMMPFAUDLR,500
GMR Infrastructure Ltd.,CONSTRUCTION,GMRINFRA,12736
Galaxy Surfactants Ltd.,CHEMICALS,GALAXYSURF,5502
Garden Reach Shipbuilders & Engineers Ltd.,INDUSTRIAL MANUFACTURING,GRSE,500
Garware Technical Fibres Ltd.,TEXTILES,GARFIBRES,3057
General Insurance Corporation of India,FINANCIAL SERVICES,GICRE,500
Gillette India Ltd.,CONSUMER GOODS,GILLETTE,16932
Glaxosmithkline Pharmaceuticals Ltd.,PHARMA,GLAXO,24854
Glenmark Pharmaceuticals Ltd.,PHARMA,GLENMARK,12280
Godfrey Phillips India Ltd.,CONSUMER GOODS,GODFRYPHLP,5120
Godrej Agrovet Ltd.,CONSUMER GOODS,GODREJAGRO,8359
Godrej Consumer Products Ltd.,CONSUMER GOODS,GODREJCP,71255
Godrej Industries Ltd.,CONSUMER GOODS,GODREJIND,13498
Godrej Properties Ltd.,CONSTRUCTION,GODREJPROP,21868
Granules India Ltd.,PHARMA,GRANULES,5282
Graphite India Ltd.,INDUSTRIAL MANUFACTURING,GRAPHITE,3691
Grasim Industries Ltd.,CEMENT & CEMENT PRODUCTS,GRASIM,40649
Great Eastern Shipping Co. Ltd.,SERVICES,GESHIP,500
Greaves Cotton Ltd.,INDUSTRIAL MANUFACTURING,GREAVESCOT,2000
Grindwell Norton Ltd.,INDUSTRIAL MANUFACTURING,GRINDWELL,5420
Gujarat Alkalies & Chemicals Ltd.,CHEMICALS,GUJALKALI,2408
Gujarat Fluorochemicals Ltd.,CHEMICALS,FLUOROCHEM,500
Gujarat Gas Ltd.,OIL & GAS,GUJGASLTD,22115
Gujarat Mineral Development Corporation Ltd.,METALS,GMDCLTD,1297
Gujarat Narmada Valley Fertilizers and Chemicals Ltd.,CHEMICALS,GNFC,500
Gujarat Pipavav Port Ltd.,SERVICES,GPPL,3819
Gujarat State Fertilizers & Chemicals Ltd.,FERTILISERS & PESTICIDES,GSFC,2172
Gujarat State Petronet Ltd.,OIL & GAS,GSPL,12682
Gulf Oil Lubricants India Ltd.,OIL & GAS,GULFOILLUB,2886
H.E.G. Ltd.,INDUSTRIAL MANUFACTURING,HEG,500
HCL Technologies Ltd.,IT,HCLTECH,154638
HDFC Asset Management Company Ltd.,FINANCIAL SERVICES,HDFCAMC,53556
HDFC Bank Ltd.,FINANCIAL SERVICES,HDFCBANK,598276
HDFC Life Insurance Company Ltd.,FINANCIAL SERVICES,HDFCLIFE,500
HFCL Ltd.,TELECOM,HFCL,2036
Hathway Cable & Datacom Ltd.,MEDIA & ENTERTAINMENT,HATHWAY,500
Hatsun Agro Product Ltd.,CONSUMER GOODS,HATSUN,500
Havells India Ltd.,CONSUMER GOODS,HAVELLS,36374
HeidelbergCement India Ltd.,CEMENT & CEMENT PRODUCTS,HEIDELBERG,500
Heritage Foods Ltd.,CONSUMER GOODS,HERITGFOOD,1205
Hero MotoCorp Ltd.,AUTOMOBILE,HEROMOTOCO,53382
Hexaware Technologies Ltd.,IT,HEXAWARE,10036
Himadri Speciality Chemical Ltd.,CHEMICALS,HSCL,2000
Himatsingka Seide Ltd.,TEXTILES,HIMATSEIDE,628
Hindalco Industries Ltd.,METALS,HINDALCO,33189
Hindustan Aeronautics Ltd.,INDUSTRIAL MANUFACTURING,HAL,25816
Hindustan Copper Ltd.,METALS,HINDCOPPER,3025
Hindustan Petroleum Corporation Ltd.,OIL & GAS,HINDPETRO,32777
Hindustan Unilever Ltd.,CONSUMER GOODS,HINDUNILVR,505298
Hindustan Zinc Ltd.,METALS,HINDZINC,82964
Honeywell Automation India Ltd.,INDUSTRIAL MANUFACTURING,HONAUT,26281
Housing & Urban Development Corporation Ltd.,FINANCIAL SERVICES,HUDCO,6646
Housing Development Finance Corporation Ltd.,FINANCIAL SERVICES,HDFC,327720
ICICI Bank Ltd.,FINANCIAL SERVICES,ICICIBANK,234883
ICICI Lombard General Insurance Company Ltd.,FINANCIAL SERVICES,ICICIGI,500
ICICI Prudential Life Insurance Company Ltd.,FINANCIAL SERVICES,ICICIPRULI,61075
ICICI Securities Ltd.,FINANCIAL SERVICES,ISEC,15890
ICRA Ltd.,FINANCIAL SERVICES,ICRA,2409
IDBI Bank Ltd.,FINANCIAL SERVICES,IDBI,50034
IDFC First Bank Ltd.,FINANCIAL SERVICES,IDFCFIRSTB,15202
IDFC Ltd.,FINANCIAL SERVICES,IDFC,3049
IFB Industries Ltd.,CONSUMER GOODS,IFBIND,1702
IFCI Ltd.,FINANCIAL SERVICES,IFCI,1509
IIFL Finance Ltd.,FINANCIAL SERVICES,IIFL,2868
IIFL Wealth Management Ltd.,FINANCIAL SERVICES,IIFLWAM,500
IRB Infrastructure Developers Ltd.,CONSTRUCTION,IRB,3344
IRCON International Ltd.,CONSTRUCTION,IRCON,4380
ITC Ltd.,CONSUMER GOODS,ITC,253220
ITI Ltd.,TELECOM,ITI,9543
India Cements Ltd.,CEMENT & CEMENT PRODUCTS,INDIACEM,500
India Tourism Development Corporation Ltd.,SERVICES,ITDC,1820
Indiabulls Housing Finance Ltd.,FINANCIAL SERVICES,IBULHSGFIN,9627
Indiabulls Real Estate Ltd.,CONSTRUCTION,IBREALEST,2446
Indiabulls Ventures Ltd.,FINANCIAL SERVICES,IBVENTURES,7301
Indiamart Intermesh Ltd.,CONSUMER GOODS,INDIAMART,6128
Indian Bank,FINANCIAL SERVICES,INDIANB,7420
Indian Energy Exchange Ltd.,FINANCIAL SERVICES,IEX,5507
Indian Hotels Co. Ltd.,SERVICES,INDHOTEL,500
Indian Oil Corporation Ltd.,OIL & GAS,IOC,83221
Indian Overseas Bank ,FINANCIAL SERVICES,IOB,500
Indian Railway Catering And Tourism Corporation Ltd.,SERVICES,IRCTC,500
IndoStar Capital Finance Ltd.,FINANCIAL SERVICES,INDOSTAR,3350
Indoco Remedies Ltd.,PHARMA,INDOCO,500
Indraprastha Gas Ltd.,OIL & GAS,IGL,31115
IndusInd Bank Ltd.,FINANCIAL SERVICES,INDUSINDBK,34307
Infibeam Avenues Ltd.,IT,INFIBEAM,4327
Info Edge (India) Ltd.,IT,NAUKRI,34164
Infosys Ltd.,IT,INFY,322120
Ingersoll Rand (India) Ltd.,INDUSTRIAL MANUFACTURING,INGERRAND,500
Inox Leisure Ltd.,MEDIA & ENTERTAINMENT,INOXLEISUR,2404
Intellect Design Arena Ltd.,IT,INTELLECT,1445
InterGlobe Aviation Ltd.,SERVICES,INDIGO,38555
Ipca Laboratories Ltd.,PHARMA,IPCALAB,20928
J.B. Chemicals & Pharmaceuticals Ltd.,PHARMA,JBCHEPHARM,500
J.K. Cement Ltd.,CEMENT & CEMENT PRODUCTS,JKCEMENT,500
JK Lakshmi Cement Ltd.,CEMENT & CEMENT PRODUCTS,JKLAKSHMI,3064
JK Paper Ltd.,PAPER,JKPAPER,1779
JK Tyre & Industries Ltd.,AUTOMOBILE,JKTYRE,1582
JM Financial Ltd.,FINANCIAL SERVICES,JMFINANCIL,6949
JSW Energy Ltd.,POWER,JSWENERGY,8280
JSW Steel Ltd.,METALS,JSWSTEEL,47015
Jagran Prakashan Ltd.,MEDIA & ENTERTAINMENT,JAGRAN,1156
Jai Corp Ltd.,INDUSTRIAL MANUFACTURING,JAICORPLTD,1635
Jammu & Kashmir Bank Ltd.,FINANCIAL SERVICES,J&KBANK,500
Jamna Auto Industries Ltd.,AUTOMOBILE,JAMNAAUTO,1273
Jindal Saw Ltd.,METALS,JINDALSAW,1859
Jindal Stainless (Hisar) Ltd.,METALS,JSLHISAR,1669
Jindal Stainless Ltd.,METALS,JSL,1998
Jindal Steel & Power Ltd.,METALS,JINDALSTEL,15698
Johnson Controls - Hitachi Air Conditioning India Ltd.,CONSUMER GOODS,JCHAC,6068
Jubilant Foodworks Ltd.,CONSUMER GOODS,JUBLFOOD,22753
Jubilant Life Sciences Ltd.,PHARMA,JUBILANT,10828
Justdial Ltd.,IT,JUSTDIAL,500
Jyothy Labs Ltd.,CONSUMER GOODS,JYOTHYLAB,4335
K.P.R. Mill Ltd.,TEXTILES,KPRMILL,500
KEI Industries Ltd.,INDUSTRIAL MANUFACTURING,KEI,3161
KNR Constructions Ltd.,CONSTRUCTION,KNRCON,500
KPIT Technologies Ltd.,IT,KPITTECH,1676
KRBL Ltd.,CONSUMER GOODS,KRBL,6257
KSB Ltd.,INDUSTRIAL MANUFACTURING,KSB,500
Kajaria Ceramics Ltd.,CONSTRUCTION,KAJARIACER,6319
Kalpataru Power Transmission Ltd.,POWER,KALPATPOWR,3458
Kansai Nerolac Paints Ltd.,CONSUMER GOODS,KANSAINER,24850
Karnataka Bank Ltd.,FINANCIAL SERVICES,KTKBANK,500
Karur Vysya Bank Ltd.,FINANCIAL SERVICES,KARURVYSYA,2758
Kaveri Seed Company Ltd.,CONSUMER GOODS,KSCL,3664
Kec International Ltd.,CONSTRUCTION,KEC,7001
Kolte-Patil Developers Ltd.,CONSTRUCTION,KOLTEPATIL,500
Kotak Mahindra Bank Ltd.,FINANCIAL SERVICES,KOTAKBANK,267465
L&T Finance Holdings Ltd.,FINANCIAL SERVICES,L&TFH,13874
L&T Technology Services Ltd.,IT,LTTS,13564
LIC Housing Finance Ltd.,FINANCIAL SERVICES,LICHSGFIN,14239
La Opala RG Ltd.,CONSUMER GOODS,LAOPALA,500
Lakshmi Machine Works Ltd.,INDUSTRIAL MANUFACTURING,LAXMIMACH,3021
Larsen & Toubro Infotech Ltd.,IT,LTI,34238
Larsen & Toubro Ltd.,CONSTRUCTION,LT,132067
Laurus Labs Ltd.,PHARMA,LAURUSLABS,5616
Lemon Tree Hotels Ltd.,SERVICES,LEMONTREE,1866
Linde India Ltd.,CHEMICALS,LINDEINDIA,5337
Lupin Ltd.,PHARMA,LUPIN,40552
Lux Industries Ltd.,TEXTILES,LUXIND,2893
MAS Financial Services Ltd.,FINANCIAL SERVICES,MASFIN,3386
MMTC Ltd.,SERVICES,MMTC,2573
MOIL Ltd.,METALS,MOIL,3644
MRF Ltd.,AUTOMOBILE,MRF,28025
Mahanagar Gas Ltd.,OIL & GAS,MGL,10355
Maharashtra Scooters Ltd.,AUTOMOBILE,MAHSCOOTER,2881
Maharashtra Seamless Ltd.,METALS,MAHSEAMLES,1521
Mahindra & Mahindra Financial Services Ltd.,FINANCIAL SERVICES,M&MFIN,11429
Mahindra & Mahindra Ltd.,AUTOMOBILE,M&M,65861
Mahindra CIE Automotive Ltd.,INDUSTRIAL MANUFACTURING,MAHINDCIE,4423
Mahindra Holidays & Resorts India Ltd.,SERVICES,MHRIL,2375
Mahindra Logistics Ltd.,SERVICES,MAHLOG,2001
Manappuram Finance Ltd.,FINANCIAL SERVICES,MANAPPURAM,13476
Mangalore Refinery & Petrochemicals Ltd.,OIL & GAS,MRPL,6563
Marico Ltd.,CONSUMER GOODS,MARICO,46162
Maruti Suzuki India Ltd.,AUTOMOBILE,MARUTI,179691
Max Financial Services Ltd.,FINANCIAL SERVICES,MFSL,14707
Metropolis Healthcare Ltd.,HEALTHCARE SERVICES,METROPOLIS,6865
MindTree Ltd.,IT,MINDTREE,15430
Minda Corporation Ltd.,AUTOMOBILE,MINDACORP,1681
Minda Industries Ltd.,AUTOMOBILE,MINDAIND,7085
Mishra Dhatu Nigam Ltd.,METALS,MIDHANI,4011
Motherson Sumi Systems Ltd.,AUTOMOBILE,MOTHERSUMI,32732
Motilal Oswal Financial Services Ltd.,FINANCIAL SERVICES,MOTILALOFS,8884
MphasiS Ltd.,IT,MPHASIS,16233
Multi Commodity Exchange of India Ltd.,FINANCIAL SERVICES,MCX,6516
Muthoot Finance Ltd.,FINANCIAL SERVICES,MUTHOOTFIN,44461
NATCO Pharma Ltd.,PHARMA,NATCOPHARM,11643
NBCC (India) Ltd.,CONSTRUCTION,NBCC,4455
NCC Ltd.,CONSTRUCTION,NCC,1869
NESCO Ltd.,SERVICES,NESCO,3078
NHPC Ltd.,POWER,NHPC,20391
NIIT Technologies Ltd.,IT,NIITTECH,8838
NLC India Ltd.,POWER,NLCINDIA,6295
NMDC Ltd.,METALS,NMDC,25000
NTPC Ltd.,POWER,NTPC,92366
Narayana Hrudayalaya Ltd.,HEALTHCARE SERVICES,NH,5483
National Aluminium Co. Ltd.,METALS,NATIONALUM,500
National Fertilizers Ltd.,FERTILISERS & PESTICIDES,NFL,1550
Nava Bharat Ventures Ltd.,POWER,NBVENTURES,942
Navin Fluorine International Ltd.,CHEMICALS,NAVINFLUOR,8330
Nestle India Ltd.,CONSUMER GOODS,NESTLEIND,161805
Nilkamal Ltd.,INDUSTRIAL MANUFACTURING,NILKAMAL,1700
Nippon Life India Asset Management Ltd.,FINANCIAL SERVICES,NAM-INDIA,19410
Oberoi Realty Ltd.,CONSTRUCTION,OBEROIRLTY,13092
Oil & Natural Gas Corporation Ltd.,OIL & GAS,ONGC,103032
Oil India Ltd.,OIL & GAS,OIL,10345
Omaxe Ltd.,CONSTRUCTION,OMAXE,2092
Oracle Financial Services Software Ltd.,IT,OFSS,24564
Orient Cement Ltd.,CEMENT & CEMENT PRODUCTS,ORIENTCEM,1449
Orient Electric Ltd.,CONSUMER GOODS,ORIENTELEC,4175
Orient Refractories Ltd.,INDUSTRIAL MANUFACTURING,ORIENTREF,2118
PI Industries Ltd.,FERTILISERS & PESTICIDES,PIIND,21581
PNB Housing Finance Ltd.,FINANCIAL SERVICES,PNBHOUSING,3576
PNC Infratech Ltd.,CONSTRUCTION,PNCINFRA,3825
PTC India Ltd.,POWER,PTC,1455
PVR Ltd.,MEDIA & ENTERTAINMENT,PVR,5214
Page Industries Ltd.,TEXTILES,PAGEIND,22612
Persistent Systems Ltd.,IT,PERSISTENT,4914
Petronet LNG Ltd.,OIL & GAS,PETRONET,39203
Pfizer Ltd.,PHARMA,PFIZER,19120
Phillips Carbon Black Ltd.,CHEMICALS,PHILIPCARB,1729
Phoenix Mills Ltd.,CONSTRUCTION,PHOENIXLTD,8423
Pidilite Industries Ltd.,CHEMICALS,PIDILITIND,70553
Piramal Enterprises Ltd.,FINANCIAL SERVICES,PEL,31330
Poly Medicure Ltd.,PHARMA,POLYMED,500
Polycab India Ltd.,INDUSTRIAL MANUFACTURING,POLYCAB,12528
Power Finance Corporation Ltd.,FINANCIAL SERVICES,PFC,22427
Power Grid Corporation of India Ltd.,POWER,POWERGRID,91553
Praj Industries Ltd.,INDUSTRIAL MANUFACTURING,PRAJIND,1187
Prestige Estates Projects Ltd.,CONSTRUCTION,PRESTIGE,500
Prism Johnson Ltd.,CEMENT & CEMENT PRODUCTS,PRSMJOHNSN,2305
Procter & Gamble Health Ltd.,PHARMA,PGHL,6736
Procter & Gamble Hygiene & Health Care Ltd.,CONSUMER GOODS,PGHH,33244
Punjab National Bank,FINANCIAL SERVICES,PNB,34114
Quess Corp Ltd.,SERVICES,QUESS,5365
RBL Bank Ltd.,FINANCIAL SERVICES,RBLBANK,9028
REC Ltd.,FINANCIAL SERVICES,RECLTD,21428
RITES Ltd.,SERVICES,RITES,6696
Radico Khaitan Ltd,CONSUMER GOODS,RADICO,500
Rail Vikas Nigam Ltd.,CONSTRUCTION,RVNL,4222
Rain Industries Ltd,CHEMICALS,RAIN,500
Rajesh Exports Ltd.,CONSUMER GOODS,RAJESHEXPO,13888
Rallis India Ltd.,FERTILISERS & PESTICIDES,RALLIS,5286
Rashtriya Chemicals & Fertilizers Ltd.,FERTILISERS & PESTICIDES,RCF,2576
Ratnamani Metals & Tubes Ltd.,METALS,RATNAMANI,4906
Raymond Ltd.,TEXTILES,RAYMOND,1892
Redington (India) Ltd.,SERVICES,REDINGTON,3504
Relaxo Footwears Ltd.,CONSUMER GOODS,RELAXO,15667
Reliance Industries Ltd.,OIL & GAS,RELIANCE,1190490
Repco Home Finance Ltd.,FINANCIAL SERVICES,REPCOHOME,787
SBI Life Insurance Company Ltd.,FINANCIAL SERVICES,SBILIFE,81368
SJVN Ltd.,POWER,SJVN,8547
SKF India Ltd.,INDUSTRIAL MANUFACTURING,SKFINDIA,8235
SRF Ltd.,INDUSTRIAL MANUFACTURING,SRF,21026
Sadbhav Engineering Ltd.,CONSTRUCTION,SADBHAV,789
Sanofi India Ltd.,PHARMA,SANOFI,18112
Schaeffler India Ltd.,INDUSTRIAL MANUFACTURING,SCHAEFFLER,11030
Schneider Electric Infrastructure Ltd.,INDUSTRIAL MANUFACTURING,SCHNEIDER,500
Security and Intelligence Services (India) Ltd.,SERVICES,SIS,500
Sequent Scientific Ltd.,PHARMA,SEQUENT,500
Sheela Foam Ltd.,CONSUMER GOODS,SFL,6998
Shipping Corporation of India Ltd.,SERVICES,SCI,500
Shoppers Stop Ltd.,CONSUMER GOODS,SHOPERSTOP,1477
Shree Cement Ltd.,CEMENT & CEMENT PRODUCTS,SHREECEM,82102
Shree Renuka Sugars Ltd.,CONSUMER GOODS,RENUKA,2162
Shriram City Union Finance Ltd.,FINANCIAL SERVICES,SHRIRAMCIT,4529
Shriram Transport Finance Co. Ltd.,FINANCIAL SERVICES,SRTRANSFIN,500
Siemens Ltd.,INDUSTRIAL MANUFACTURING,SIEMENS,38960
Sobha Ltd.,CONSTRUCTION,SOBHA,2117
Solar Industries India Ltd.,CHEMICALS,SOLARINDS,500
Sonata Software Ltd.,IT,SONATSOFTW,2491
South Indian Bank Ltd.,FINANCIAL SERVICES,SOUTHBANK,500
Spandana Sphoorty Financial Ltd.,FINANCIAL SERVICES,SPANDANA,3551
Spicejet Ltd.,SERVICES,SPICEJET,3027
Star Cement Ltd.,CEMENT & CEMENT PRODUCTS,STARCEMENT,3629
State Bank of India,FINANCIAL SERVICES,SBIN,165507
Steel Authority of India Ltd.,METALS,SAIL,12908
Sterling And Wilson Solar Ltd.,CONSTRUCTION,SWSOLAR,3509
Sterlite Technologies Ltd.,TELECOM,STRTECH,5136
Strides Pharma Science Ltd.,PHARMA,STAR,3699
Sudarshan Chemical Industries Ltd.,CHEMICALS,SUDARSCHEM,2702
Sumitomo Chemical India Ltd.,CHEMICALS,SUMICHEM,500
Sun Pharma Advanced Research Company Ltd.,PHARMA,SPARC,4167
Sun Pharmaceutical Industries Ltd.,PHARMA,SUNPHARMA,113525
Sun TV Network Ltd.,MEDIA & ENTERTAINMENT,SUNTV,15809
Sundaram Finance Ltd.,FINANCIAL SERVICES,SUNDARMFIN,15685
Sundram Fasteners Ltd.,AUTOMOBILE,SUNDRMFAST,7988
Sunteck Realty Ltd.,CONSTRUCTION,SUNTECK,2586
Suprajit Engineering Ltd.,AUTOMOBILE,SUPRAJIT,2088
Supreme Industries Ltd.,INDUSTRIAL MANUFACTURING,SUPREMEIND,14459
Suzlon Energy Ltd.,INDUSTRIAL MANUFACTURING,SUZLON,3775
Swan Energy Ltd.,CONSTRUCTION,SWANENERGY,3439
Symphony Ltd.,CONSUMER GOODS,SYMPHONY,6363
Syngene International Ltd.,PHARMA,SYNGENE,16250
TCI Express Ltd.,SERVICES,TCIEXP,2514
TCNS Clothing Co. Ltd.,TEXTILES,TCNSBRANDS,500
TTK Prestige Ltd.,CONSUMER GOODS,TTKPRESTIG,7658
TV Today Network Ltd.,MEDIA & ENTERTAINMENT,TVTODAY,1135
TV18 Broadcast Ltd.,MEDIA & ENTERTAINMENT,TV18BRDCST,6026
TVS Motor Company Ltd.,AUTOMOBILE,TVSMOTOR,18317
Take Solutions Ltd.,PHARMA,TAKE,727
Tasty Bite Eatables Ltd.,CONSUMER GOODS,TASTYBITE,3292
Tata Communications Ltd.,TELECOM,TATACOMM,500
Tata Consultancy Services Ltd.,IT,TCS,809896
Tata Consumer Products Ltd.,CONSUMER GOODS,TATACONSUM,35826
Tata Elxsi Ltd.,IT,TATAELXSI,5672
Tata Investment Corporation Ltd.,FINANCIAL SERVICES,TATAINVEST,3806
Tata Motors Ltd DVR,AUTOMOBILE,TATAMTRDVR,500
Tata Motors Ltd.,AUTOMOBILE,TATAMOTORS,31369
Tata Power Co. Ltd.,POWER,TATAPOWER,500
Tata Steel BSL Ltd.,METALS,TATASTLBSL,2263
Tata Steel Ltd.,METALS,TATASTEEL,40332
Teamlease Services Ltd.,SERVICES,TEAMLEASE,2836
Tech Mahindra Ltd.,IT,TECHM,54178
The New India Assurance Company Ltd.,FINANCIAL SERVICES,NIACL,500
The Ramco Cements Ltd.,CEMENT & CEMENT PRODUCTS,RAMCOCEM,15287
Thermax Ltd.,INDUSTRIAL MANUFACTURING,THERMAX,8989
Thyrocare Technologies Ltd.,HEALTHCARE SERVICES,THYROCARE,2705
Time Technoplast Ltd.,INDUSTRIAL MANUFACTURING,TIMETECHNO,846
Timken India Ltd.,INDUSTRIAL MANUFACTURING,TIMKEN,7610
Titan Company Ltd.,CONSUMER GOODS,TITAN,87567
Torrent Pharmaceuticals Ltd.,PHARMA,TORNTPHARM,39780
Torrent Power Ltd.,POWER,TORNTPOWER,15582
Trent Ltd.,CONSUMER GOODS,TRENT,21740
Trident Ltd.,TEXTILES,TRIDENT,3506
Tube Investments of India Ltd.,AUTOMOBILE,TIINDIA,8355
UCO Bank,FINANCIAL SERVICES,UCOBANK,14580
UFLEX Ltd.,INDUSTRIAL MANUFACTURING,UFLEX,1545
UPL Ltd.,FERTILISERS & PESTICIDES,UPL,33800
Ujjivan Financial Services Ltd.,FINANCIAL SERVICES,UJJIVAN,2905
Ujjivan Small Finance Bank Ltd.,FINANCIAL SERVICES,UJJIVANSFB,500
UltraTech Cement Ltd.,CEMENT & CEMENT PRODUCTS,ULTRACEMCO,112997
Union Bank of India,FINANCIAL SERVICES,UNIONBANK,20758
United Breweries Ltd.,CONSUMER GOODS,UBL,27913
United Spirits Ltd.,CONSUMER GOODS,MCDOWELL-N,43188
V-Guard Industries Ltd.,CONSUMER GOODS,VGUARD,7309
V-Mart Retail Ltd.,CONSUMER GOODS,VMART,3292
V.I.P. Industries Ltd.,CONSUMER GOODS,VIPIND,500
VRL Logistics Ltd.,SERVICES,VRLLOG,1457
VST Industries Ltd.,CONSUMER GOODS,VSTIND,4876
Vaibhav Global Ltd.,CONSUMER GOODS,VAIBHAVGBL,4129
Vakrangee Ltd.,IT,VAKRANGEE,3750
Vardhman Textiles Ltd.,TEXTILES,VTL,3837
Varroc Engineering Ltd.,AUTOMOBILE,VARROC,2479
Varun Beverages Ltd.,CONSUMER GOODS,VBL,19677
Vedanta Ltd.,METALS,VEDL,39551
Venky's (India) Ltd.,CONSUMER GOODS,VENKEYS,500
Vesuvius India Ltd.,INDUSTRIAL MANUFACTURING,VESUVIUS,500
Vinati Organics Ltd.,CHEMICALS,VINATIORGA,9918
Vodafone Idea Ltd.,TELECOM,IDEA,28850
Voltas Ltd.,CONSUMER GOODS,VOLTAS,18604
WABCO India Ltd.,AUTOMOBILE,WABCOINDIA,13051
Welspun Corp Ltd.,METALS,WELCORP,2111
Welspun India Ltd.,TEXTILES,WELSPUNIND,3572
Westlife Development Ltd.,SERVICES,WESTLIFE,4819
Whirlpool of India Ltd.,CONSUMER GOODS,WHIRLPOOL,26680
Wipro Ltd.,IT,WIPRO,128403
Wockhardt Ltd.,PHARMA,WOCKPHARMA,3042
Zee Entertainment Enterprises Ltd.,MEDIA & ENTERTAINMENT,ZEEL,16751
Zensar Technolgies Ltd.,IT,ZENSARTECH,500
Zydus Wellness Ltd.,CONSUMER GOODS,ZYDUSWELL,7476
eClerx Services Ltd.,IT,ECLERX,1741
